C:\Users\cleist\source\repos\LicensPlateRecognition\LicensPlateRecognition\LicensPlateRecognition\Image\TrainingData\1984_2.jpg,2
C:\Users\cleist\source\repos\LicensPlateRecognition\LicensPlateRecognition\LicensPlateRecognition\Image\TrainingData\2011_2.jpg,2
C:\Users\cleist\source\repos\LicensPlateRecognition\LicensPlateRecognition\LicensPlateRecognition\Image\TrainingData\2012_2.jpg,2
C:\Users\cleist\source\repos\LicensPlateRecognition\LicensPlateRecognition\LicensPlateRecognition\Image\TrainingData\20131102_1.jpg,1
C:\Users\cleist\source\repos\LicensPlateRecognition\LicensPlateRecognition\LicensPlateRecognition\Image\TrainingData\20131102_2.jpg,2
C:\Users\cleist\source\repos\LicensPlateRecognition\LicensPlateRecognition\LicensPlateRecognition\Image\TrainingData\2014_2.jpg,2
C:\Users\cleist\source\repos\LicensPlateRecognition\LicensPlateRecognition\LicensPlateRecognition\Image\TrainingData\2542707_1.jpg,1
C:\Users\cleist\source\repos\LicensPlateRecognition\LicensPlateRecognition\LicensPlateRecognition\Image\TrainingData\537667_1.jpg,1
C:\Users\cleist\source\repos\LicensPlateRecognition\LicensPlateRecognition\LicensPlateRecognition\Image\TrainingData\5fa0795be796f696_1.jpg,1
C:\Users\cleist\source\repos\LicensPlateRecognition\LicensPlateRecognition\LicensPlateRecognition\Image\TrainingData\5fa0795be796f696_2.jpg,2
C:\Users\cleist\source\repos\LicensPlateRecognition\LicensPlateRecognition\LicensPlateRecognition\Image\TrainingData\Anaconda_2.jpg,2
C:\Users\cleist\source\repos\LicensPlateRecognition\LicensPlateRecognition\LicensPlateRecognition\Image\TrainingData\asdfasdf_1.jpg,1
C:\Users\cleist\source\repos\LicensPlateRecognition\LicensPlateRecognition\LicensPlateRecognition\Image\TrainingData\asdfasdf_2.jpg,2
C:\Users\cleist\source\repos\LicensPlateRecognition\LicensPlateRecognition\LicensPlateRecognition\Image\TrainingData\bmw1_2.jpg,2
C:\Users\cleist\source\repos\LicensPlateRecognition\LicensPlateRecognition\LicensPlateRecognition\Image\TrainingData\bmw_2.jpg,2
C:\Users\cleist\source\repos\LicensPlateRecognition\LicensPlateRecognition\LicensPlateRecognition\Image\TrainingData\d5a5e675ce224c14_1.jpg,1
C:\Users\cleist\source\repos\LicensPlateRecognition\LicensPlateRecognition\LicensPlateRecognition\Image\TrainingData\d5a5e675ce224c14_2.jpg,2
C:\Users\cleist\source\repos\LicensPlateRecognition\LicensPlateRecognition\LicensPlateRecognition\Image\TrainingData\dafadfad_1.jpg,1
C:\Users\cleist\source\repos\LicensPlateRecognition\LicensPlateRecognition\LicensPlateRecognition\Image\TrainingData\dafadfad_2.jpg,2
C:\Users\cleist\source\repos\LicensPlateRecognition\LicensPlateRecognition\LicensPlateRecognition\Image\TrainingData\Der_2.jpg,2
C:\Users\cleist\source\repos\LicensPlateRecognition\LicensPlateRecognition\LicensPlateRecognition\Image\TrainingData\dfaha_1.jpg,1
C:\Users\cleist\source\repos\LicensPlateRecognition\LicensPlateRecognition\LicensPlateRecognition\Image\TrainingData\dfaha_2.jpg,2
C:\Users\cleist\source\repos\LicensPlateRecognition\LicensPlateRecognition\LicensPlateRecognition\Image\TrainingData\e3d39ed99475b99_1.jpg,1
C:\Users\cleist\source\repos\LicensPlateRecognition\LicensPlateRecognition\LicensPlateRecognition\Image\TrainingData\frontst_2.jpg,2
C:\Users\cleist\source\repos\LicensPlateRecognition\LicensPlateRecognition\LicensPlateRecognition\Image\TrainingData\geek_1.jpg,1
C:\Users\cleist\source\repos\LicensPlateRecognition\LicensPlateRecognition\LicensPlateRecognition\Image\TrainingData\geek_2.jpg,2
C:\Users\cleist\source\repos\LicensPlateRecognition\LicensPlateRecognition\LicensPlateRecognition\Image\TrainingData\H_1.jpg,1
C:\Users\cleist\source\repos\LicensPlateRecognition\LicensPlateRecognition\LicensPlateRecognition\Image\TrainingData\h_1.png,1
C:\Users\cleist\source\repos\LicensPlateRecognition\LicensPlateRecognition\LicensPlateRecognition\Image\TrainingData\H_2.jpg,2
C:\Users\cleist\source\repos\LicensPlateRecognition\LicensPlateRecognition\LicensPlateRecognition\Image\TrainingData\h_2.png,2
C:\Users\cleist\source\repos\LicensPlateRecognition\LicensPlateRecognition\LicensPlateRecognition\Image\TrainingData\iasdf_1.jpg,1
C:\Users\cleist\source\repos\LicensPlateRecognition\LicensPlateRecognition\LicensPlateRecognition\Image\TrainingData\IMG018051700_1.jpg,1
C:\Users\cleist\source\repos\LicensPlateRecognition\LicensPlateRecognition\LicensPlateRecognition\Image\TrainingData\IMG0180517095547_1.jpg,1
C:\Users\cleist\source\repos\LicensPlateRecognition\LicensPlateRecognition\LicensPlateRecognition\Image\TrainingData\IMG0180517095659_1.jpg,1
C:\Users\cleist\source\repos\LicensPlateRecognition\LicensPlateRecognition\LicensPlateRecognition\Image\TrainingData\IMG0180517095755_1.jpg,1
C:\Users\cleist\source\repos\LicensPlateRecognition\LicensPlateRecognition\LicensPlateRecognition\Image\TrainingData\IMG0180517095834_1.jpg,1
C:\Users\cleist\source\repos\LicensPlateRecognition\LicensPlateRecognition\LicensPlateRecognition\Image\TrainingData\IMG0180517100050_1.jpg,1
C:\Users\cleist\source\repos\LicensPlateRecognition\LicensPlateRecognition\LicensPlateRecognition\Image\TrainingData\IMG0180517100112_1.jpg,1
C:\Users\cleist\source\repos\LicensPlateRecognition\LicensPlateRecognition\LicensPlateRecognition\Image\TrainingData\IMG01805171002_1.jpg,1
C:\Users\cleist\source\repos\LicensPlateRecognition\LicensPlateRecognition\LicensPlateRecognition\Image\TrainingData\IMG0180517100_1.jpg,1
C:\Users\cleist\source\repos\LicensPlateRecognition\LicensPlateRecognition\LicensPlateRecognition\Image\TrainingData\IMG0180517_1.jpg,1
C:\Users\cleist\source\repos\LicensPlateRecognition\LicensPlateRecognition\LicensPlateRecognition\Image\TrainingData\IMG180517100524_1.jpg,1
C:\Users\cleist\source\repos\LicensPlateRecognition\LicensPlateRecognition\LicensPlateRecognition\Image\TrainingData\IMG201805109583_1.jpg,1
C:\Users\cleist\source\repos\LicensPlateRecognition\LicensPlateRecognition\LicensPlateRecognition\Image\TrainingData\IMG201805117_1.jpg,1
C:\Users\cleist\source\repos\LicensPlateRecognition\LicensPlateRecognition\LicensPlateRecognition\Image\TrainingData\IMG20180517095607_1.jpg,1
C:\Users\cleist\source\repos\LicensPlateRecognition\LicensPlateRecognition\LicensPlateRecognition\Image\TrainingData\IMG20180517095616_1.jpg,1
C:\Users\cleist\source\repos\LicensPlateRecognition\LicensPlateRecognition\LicensPlateRecognition\Image\TrainingData\IMG20180517095628_1.jpg,1
C:\Users\cleist\source\repos\LicensPlateRecognition\LicensPlateRecognition\LicensPlateRecognition\Image\TrainingData\IMG20180517095641_1.jpg,1
C:\Users\cleist\source\repos\LicensPlateRecognition\LicensPlateRecognition\LicensPlateRecognition\Image\TrainingData\IMG20180517095644_1.jpg,1
C:\Users\cleist\source\repos\LicensPlateRecognition\LicensPlateRecognition\LicensPlateRecognition\Image\TrainingData\IMG20180517095710_1.jpg,1
C:\Users\cleist\source\repos\LicensPlateRecognition\LicensPlateRecognition\LicensPlateRecognition\Image\TrainingData\IMG20180517095717_1.jpg,1
C:\Users\cleist\source\repos\LicensPlateRecognition\LicensPlateRecognition\LicensPlateRecognition\Image\TrainingData\IMG20180517095719_1.jpg,1
C:\Users\cleist\source\repos\LicensPlateRecognition\LicensPlateRecognition\LicensPlateRecognition\Image\TrainingData\IMG20180517095751_1.jpg,1
C:\Users\cleist\source\repos\LicensPlateRecognition\LicensPlateRecognition\LicensPlateRecognition\Image\TrainingData\IMG20180517095759_1.jpg,1
C:\Users\cleist\source\repos\LicensPlateRecognition\LicensPlateRecognition\LicensPlateRecognition\Image\TrainingData\IMG2018051709581_1.jpg,1
C:\Users\cleist\source\repos\LicensPlateRecognition\LicensPlateRecognition\LicensPlateRecognition\Image\TrainingData\IMG20180517095826_1.jpg,1
C:\Users\cleist\source\repos\LicensPlateRecognition\LicensPlateRecognition\LicensPlateRecognition\Image\TrainingData\IMG20180517095840_1.jpg,1
C:\Users\cleist\source\repos\LicensPlateRecognition\LicensPlateRecognition\LicensPlateRecognition\Image\TrainingData\IMG20180517095914_1.jpg,1
C:\Users\cleist\source\repos\LicensPlateRecognition\LicensPlateRecognition\LicensPlateRecognition\Image\TrainingData\IMG20180517095935_1.jpg,1
C:\Users\cleist\source\repos\LicensPlateRecognition\LicensPlateRecognition\LicensPlateRecognition\Image\TrainingData\IMG20180517095945_1.jpg,1
C:\Users\cleist\source\repos\LicensPlateRecognition\LicensPlateRecognition\LicensPlateRecognition\Image\TrainingData\IMG20180517100024_1.jpg,1
C:\Users\cleist\source\repos\LicensPlateRecognition\LicensPlateRecognition\LicensPlateRecognition\Image\TrainingData\IMG201805171001_1.jpg,1
C:\Users\cleist\source\repos\LicensPlateRecognition\LicensPlateRecognition\LicensPlateRecognition\Image\TrainingData\IMG20180517100204_1.jpg,1
C:\Users\cleist\source\repos\LicensPlateRecognition\LicensPlateRecognition\LicensPlateRecognition\Image\TrainingData\IMG2018051710022_1.jpg,1
C:\Users\cleist\source\repos\LicensPlateRecognition\LicensPlateRecognition\LicensPlateRecognition\Image\TrainingData\IMG20180517100424_1.jpg,1
C:\Users\cleist\source\repos\LicensPlateRecognition\LicensPlateRecognition\LicensPlateRecognition\Image\TrainingData\IMG2018051710042_1.jpg,1
C:\Users\cleist\source\repos\LicensPlateRecognition\LicensPlateRecognition\LicensPlateRecognition\Image\TrainingData\IMG20180517100437_1.jpg,1
C:\Users\cleist\source\repos\LicensPlateRecognition\LicensPlateRecognition\LicensPlateRecognition\Image\TrainingData\IMG20180517100453_1.jpg,1
C:\Users\cleist\source\repos\LicensPlateRecognition\LicensPlateRecognition\LicensPlateRecognition\Image\TrainingData\IMG20180517100519_1.jpg,1
C:\Users\cleist\source\repos\LicensPlateRecognition\LicensPlateRecognition\LicensPlateRecognition\Image\TrainingData\IMG20180517100524_1.jpg,1
C:\Users\cleist\source\repos\LicensPlateRecognition\LicensPlateRecognition\LicensPlateRecognition\Image\TrainingData\IMG20180517100545_1.jpg,1
C:\Users\cleist\source\repos\LicensPlateRecognition\LicensPlateRecognition\LicensPlateRecognition\Image\TrainingData\IMG20180517100557_1.jpg,1
C:\Users\cleist\source\repos\LicensPlateRecognition\LicensPlateRecognition\LicensPlateRecognition\Image\TrainingData\IMG201805171005_1.jpg,1
C:\Users\cleist\source\repos\LicensPlateRecognition\LicensPlateRecognition\LicensPlateRecognition\Image\TrainingData\IMG20180517100646_1.jpg,1
C:\Users\cleist\source\repos\LicensPlateRecognition\LicensPlateRecognition\LicensPlateRecognition\Image\TrainingData\IMG20180517100657_1.jpg,1
C:\Users\cleist\source\repos\LicensPlateRecognition\LicensPlateRecognition\LicensPlateRecognition\Image\TrainingData\IMG2018051710065_1.jpg,1
C:\Users\cleist\source\repos\LicensPlateRecognition\LicensPlateRecognition\LicensPlateRecognition\Image\TrainingData\IMG201805171006_1.jpg,1
C:\Users\cleist\source\repos\LicensPlateRecognition\LicensPlateRecognition\LicensPlateRecognition\Image\TrainingData\IMG20180517100710_1.jpg,1
C:\Users\cleist\source\repos\LicensPlateRecognition\LicensPlateRecognition\LicensPlateRecognition\Image\TrainingData\IMG20180517100714_1.jpg,1
C:\Users\cleist\source\repos\LicensPlateRecognition\LicensPlateRecognition\LicensPlateRecognition\Image\TrainingData\IMG2018051710072_1.jpg,1
C:\Users\cleist\source\repos\LicensPlateRecognition\LicensPlateRecognition\LicensPlateRecognition\Image\TrainingData\IMG20180517100v549_1.jpg,1
C:\Users\cleist\source\repos\LicensPlateRecognition\LicensPlateRecognition\LicensPlateRecognition\Image\TrainingData\IMG20180517100_1.jpg,1
C:\Users\cleist\source\repos\LicensPlateRecognition\LicensPlateRecognition\LicensPlateRecognition\Image\TrainingData\IMG20180517610_1.jpg,1
C:\Users\cleist\source\repos\LicensPlateRecognition\LicensPlateRecognition\LicensPlateRecognition\Image\TrainingData\IMG2018051795857_1.jpg,1
C:\Users\cleist\source\repos\LicensPlateRecognition\LicensPlateRecognition\LicensPlateRecognition\Image\TrainingData\IMG2018051795904_1.jpg,1
C:\Users\cleist\source\repos\LicensPlateRecognition\LicensPlateRecognition\LicensPlateRecognition\Image\TrainingData\IMG20180517_1.jpg,1
C:\Users\cleist\source\repos\LicensPlateRecognition\LicensPlateRecognition\LicensPlateRecognition\Image\TrainingData\IMG_20180530_0848291_2.jpg,2
C:\Users\cleist\source\repos\LicensPlateRecognition\LicensPlateRecognition\LicensPlateRecognition\Image\TrainingData\IMG_20180530_0848292_2.jpg,2
C:\Users\cleist\source\repos\LicensPlateRecognition\LicensPlateRecognition\LicensPlateRecognition\Image\TrainingData\IMG_20180530_084829_1.jpg,1
C:\Users\cleist\source\repos\LicensPlateRecognition\LicensPlateRecognition\LicensPlateRecognition\Image\TrainingData\IMG_20180530_084829_2.jpg,2
C:\Users\cleist\source\repos\LicensPlateRecognition\LicensPlateRecognition\LicensPlateRecognition\Image\TrainingData\IMG_20180530_0848331_2.jpg,2
C:\Users\cleist\source\repos\LicensPlateRecognition\LicensPlateRecognition\LicensPlateRecognition\Image\TrainingData\IMG_20180530_084833_1.jpg,1
C:\Users\cleist\source\repos\LicensPlateRecognition\LicensPlateRecognition\LicensPlateRecognition\Image\TrainingData\IMG_20180530_084833_2.jpg,2
C:\Users\cleist\source\repos\LicensPlateRecognition\LicensPlateRecognition\LicensPlateRecognition\Image\TrainingData\IMG_20180530_0848503_2.jpg,2
C:\Users\cleist\source\repos\LicensPlateRecognition\LicensPlateRecognition\LicensPlateRecognition\Image\TrainingData\IMG_20180530_084859_2.jpg,2
C:\Users\cleist\source\repos\LicensPlateRecognition\LicensPlateRecognition\LicensPlateRecognition\Image\TrainingData\IMG_20180530_0849072_2.jpg,2
C:\Users\cleist\source\repos\LicensPlateRecognition\LicensPlateRecognition\LicensPlateRecognition\Image\TrainingData\IMG_20180530_084907_1.jpg,1
C:\Users\cleist\source\repos\LicensPlateRecognition\LicensPlateRecognition\LicensPlateRecognition\Image\TrainingData\IMG_20180530_084907_2.jpg,2
C:\Users\cleist\source\repos\LicensPlateRecognition\LicensPlateRecognition\LicensPlateRecognition\Image\TrainingData\IMG_20180530_084909_1.jpg,1
C:\Users\cleist\source\repos\LicensPlateRecognition\LicensPlateRecognition\LicensPlateRecognition\Image\TrainingData\IMG_20180530_084909_2.jpg,2
C:\Users\cleist\source\repos\LicensPlateRecognition\LicensPlateRecognition\LicensPlateRecognition\Image\TrainingData\IMG_20180530_0849347_2.jpg,2
C:\Users\cleist\source\repos\LicensPlateRecognition\LicensPlateRecognition\LicensPlateRecognition\Image\TrainingData\IMG_20180530_084937_1.jpg,1
C:\Users\cleist\source\repos\LicensPlateRecognition\LicensPlateRecognition\LicensPlateRecognition\Image\TrainingData\IMG_20180530_084937_2.jpg,2
C:\Users\cleist\source\repos\LicensPlateRecognition\LicensPlateRecognition\LicensPlateRecognition\Image\TrainingData\IMG_20180530_084945_1.jpg,1
C:\Users\cleist\source\repos\LicensPlateRecognition\LicensPlateRecognition\LicensPlateRecognition\Image\TrainingData\IMG_20180530_084945_2.jpg,2
C:\Users\cleist\source\repos\LicensPlateRecognition\LicensPlateRecognition\LicensPlateRecognition\Image\TrainingData\IMG_20180530_08494n5_2.jpg,2
C:\Users\cleist\source\repos\LicensPlateRecognition\LicensPlateRecognition\LicensPlateRecognition\Image\TrainingData\IMG_20180530_084959_1.jpg,1
C:\Users\cleist\source\repos\LicensPlateRecognition\LicensPlateRecognition\LicensPlateRecognition\Image\TrainingData\IMG_20180530_084959_2.jpg,2
C:\Users\cleist\source\repos\LicensPlateRecognition\LicensPlateRecognition\LicensPlateRecognition\Image\TrainingData\IMG_20180530_0850131_1.jpg,1
C:\Users\cleist\source\repos\LicensPlateRecognition\LicensPlateRecognition\LicensPlateRecognition\Image\TrainingData\IMG_20180530_085013_1.jpg,1
C:\Users\cleist\source\repos\LicensPlateRecognition\LicensPlateRecognition\LicensPlateRecognition\Image\TrainingData\IMG_20180530_085013_2.jpg,2
C:\Users\cleist\source\repos\LicensPlateRecognition\LicensPlateRecognition\LicensPlateRecognition\Image\TrainingData\IMG_20180530_085022_1.jpg,1
C:\Users\cleist\source\repos\LicensPlateRecognition\LicensPlateRecognition\LicensPlateRecognition\Image\TrainingData\IMG_20180530_085022_2.jpg,2
C:\Users\cleist\source\repos\LicensPlateRecognition\LicensPlateRecognition\LicensPlateRecognition\Image\TrainingData\IMG_20180530_085025_2.jpg,2
C:\Users\cleist\source\repos\LicensPlateRecognition\LicensPlateRecognition\LicensPlateRecognition\Image\TrainingData\IMG_20180530_08502b2_2.jpg,2
C:\Users\cleist\source\repos\LicensPlateRecognition\LicensPlateRecognition\LicensPlateRecognition\Image\TrainingData\IMG_20180530_085b013_2.jpg,2
C:\Users\cleist\source\repos\LicensPlateRecognition\LicensPlateRecognition\LicensPlateRecognition\Image\TrainingData\IMG_20180602_173745_1.jpg,1
C:\Users\cleist\source\repos\LicensPlateRecognition\LicensPlateRecognition\LicensPlateRecognition\Image\TrainingData\IMG_20180602_173745_2.jpg,2
C:\Users\cleist\source\repos\LicensPlateRecognition\LicensPlateRecognition\LicensPlateRecognition\Image\TrainingData\IMG_20180602_173755_1.jpg,1
C:\Users\cleist\source\repos\LicensPlateRecognition\LicensPlateRecognition\LicensPlateRecognition\Image\TrainingData\IMG_20180602_173755_2.jpg,2
C:\Users\cleist\source\repos\LicensPlateRecognition\LicensPlateRecognition\LicensPlateRecognition\Image\TrainingData\IMG_20180602_173809vb_2.jpg,2
C:\Users\cleist\source\repos\LicensPlateRecognition\LicensPlateRecognition\LicensPlateRecognition\Image\TrainingData\IMG_20180602_173809_1.jpg,1
C:\Users\cleist\source\repos\LicensPlateRecognition\LicensPlateRecognition\LicensPlateRecognition\Image\TrainingData\IMG_20180602_173809_2.jpg,2
C:\Users\cleist\source\repos\LicensPlateRecognition\LicensPlateRecognition\LicensPlateRecognition\Image\TrainingData\IMG_20180602_173834_1.jpg,1
C:\Users\cleist\source\repos\LicensPlateRecognition\LicensPlateRecognition\LicensPlateRecognition\Image\TrainingData\IMG_20180602_173834_2.jpg,2
C:\Users\cleist\source\repos\LicensPlateRecognition\LicensPlateRecognition\LicensPlateRecognition\Image\TrainingData\IMG_20180602_173856_2.jpg,2
C:\Users\cleist\source\repos\LicensPlateRecognition\LicensPlateRecognition\LicensPlateRecognition\Image\TrainingData\IMG_20180602_173v755_2.jpg,2
C:\Users\cleist\source\repos\LicensPlateRecognition\LicensPlateRecognition\LicensPlateRecognition\Image\TrainingData\IMG_20180603_125315_1.jpg,1
C:\Users\cleist\source\repos\LicensPlateRecognition\LicensPlateRecognition\LicensPlateRecognition\Image\TrainingData\IMG_20180603_125315_2.jpg,2
C:\Users\cleist\source\repos\LicensPlateRecognition\LicensPlateRecognition\LicensPlateRecognition\Image\TrainingData\IMG_20180603_125333_1.jpg,1
C:\Users\cleist\source\repos\LicensPlateRecognition\LicensPlateRecognition\LicensPlateRecognition\Image\TrainingData\IMG_20180603_125333_2.jpg,2
C:\Users\cleist\source\repos\LicensPlateRecognition\LicensPlateRecognition\LicensPlateRecognition\Image\TrainingData\IMG_20180603_125350_1.jpg,1
C:\Users\cleist\source\repos\LicensPlateRecognition\LicensPlateRecognition\LicensPlateRecognition\Image\TrainingData\IMG_20180603_125422_1.jpg,1
C:\Users\cleist\source\repos\LicensPlateRecognition\LicensPlateRecognition\LicensPlateRecognition\Image\TrainingData\IMG_20180603_125422_2.jpg,2
C:\Users\cleist\source\repos\LicensPlateRecognition\LicensPlateRecognition\LicensPlateRecognition\Image\TrainingData\IMG_20180603_1254m22_2.jpg,2
C:\Users\cleist\source\repos\LicensPlateRecognition\LicensPlateRecognition\LicensPlateRecognition\Image\TrainingData\IMG_20180603_125527_1.jpg,1
C:\Users\cleist\source\repos\LicensPlateRecognition\LicensPlateRecognition\LicensPlateRecognition\Image\TrainingData\IMG_20180603_125527_2.jpg,2
C:\Users\cleist\source\repos\LicensPlateRecognition\LicensPlateRecognition\LicensPlateRecognition\Image\TrainingData\IMG_20180603_125v333_2.jpg,2
C:\Users\cleist\source\repos\LicensPlateRecognition\LicensPlateRecognition\LicensPlateRecognition\Image\TrainingData\IMG_20180603_130126_1.jpg,1
C:\Users\cleist\source\repos\LicensPlateRecognition\LicensPlateRecognition\LicensPlateRecognition\Image\TrainingData\IMG_20180603_130138_1.jpg,1
C:\Users\cleist\source\repos\LicensPlateRecognition\LicensPlateRecognition\LicensPlateRecognition\Image\TrainingData\IMG_20180603_130140_1.jpg,1
C:\Users\cleist\source\repos\LicensPlateRecognition\LicensPlateRecognition\LicensPlateRecognition\Image\TrainingData\IMG_20180603_130146_1.jpg,1
C:\Users\cleist\source\repos\LicensPlateRecognition\LicensPlateRecognition\LicensPlateRecognition\Image\TrainingData\IMG_20180603_130631_1.jpg,1
C:\Users\cleist\source\repos\LicensPlateRecognition\LicensPlateRecognition\LicensPlateRecognition\Image\TrainingData\IMG_20180603_130648_1.jpg,1
C:\Users\cleist\source\repos\LicensPlateRecognition\LicensPlateRecognition\LicensPlateRecognition\Image\TrainingData\IMG_20180603_130706_1.jpg,1
C:\Users\cleist\source\repos\LicensPlateRecognition\LicensPlateRecognition\LicensPlateRecognition\Image\TrainingData\IMG_20180603_130717_1.jpg,1
C:\Users\cleist\source\repos\LicensPlateRecognition\LicensPlateRecognition\LicensPlateRecognition\Image\TrainingData\IMG_20180603_130717_2.jpg,2
C:\Users\cleist\source\repos\LicensPlateRecognition\LicensPlateRecognition\LicensPlateRecognition\Image\TrainingData\IMG_20180603_130724_1.jpg,1
C:\Users\cleist\source\repos\LicensPlateRecognition\LicensPlateRecognition\LicensPlateRecognition\Image\TrainingData\IMG_20180603_130724_2.jpg,2
C:\Users\cleist\source\repos\LicensPlateRecognition\LicensPlateRecognition\LicensPlateRecognition\Image\TrainingData\IMG_20180603_130734_1.jpg,1
C:\Users\cleist\source\repos\LicensPlateRecognition\LicensPlateRecognition\LicensPlateRecognition\Image\TrainingData\IMG_20180603_130734_2.jpg,2
C:\Users\cleist\source\repos\LicensPlateRecognition\LicensPlateRecognition\LicensPlateRecognition\Image\TrainingData\IMG_20180603_130737_1.jpg,1
C:\Users\cleist\source\repos\LicensPlateRecognition\LicensPlateRecognition\LicensPlateRecognition\Image\TrainingData\IMG_20180603_130843_1.jpg,1
C:\Users\cleist\source\repos\LicensPlateRecognition\LicensPlateRecognition\LicensPlateRecognition\Image\TrainingData\IMG_20180603_130843_2.jpg,2
C:\Users\cleist\source\repos\LicensPlateRecognition\LicensPlateRecognition\LicensPlateRecognition\Image\TrainingData\IMG_20180603_130848_1.jpg,1
C:\Users\cleist\source\repos\LicensPlateRecognition\LicensPlateRecognition\LicensPlateRecognition\Image\TrainingData\IMG_20180603_130904_1.jpg,1
C:\Users\cleist\source\repos\LicensPlateRecognition\LicensPlateRecognition\LicensPlateRecognition\Image\TrainingData\IMG_20180603_131000_1.jpg,1
C:\Users\cleist\source\repos\LicensPlateRecognition\LicensPlateRecognition\LicensPlateRecognition\Image\TrainingData\IMG_20180603_131000_2.jpg,2
C:\Users\cleist\source\repos\LicensPlateRecognition\LicensPlateRecognition\LicensPlateRecognition\Image\TrainingData\IMG_20180603_131009_1.jpg,1
C:\Users\cleist\source\repos\LicensPlateRecognition\LicensPlateRecognition\LicensPlateRecognition\Image\TrainingData\IMG_20180603_131020_1.jpg,1
C:\Users\cleist\source\repos\LicensPlateRecognition\LicensPlateRecognition\LicensPlateRecognition\Image\TrainingData\IMG_20180603_131020_2.jpg,2
C:\Users\cleist\source\repos\LicensPlateRecognition\LicensPlateRecognition\LicensPlateRecognition\Image\TrainingData\IMG_20180603_131025_1.jpg,1
C:\Users\cleist\source\repos\LicensPlateRecognition\LicensPlateRecognition\LicensPlateRecognition\Image\TrainingData\IMG_20180603_131025_2.jpg,2
C:\Users\cleist\source\repos\LicensPlateRecognition\LicensPlateRecognition\LicensPlateRecognition\Image\TrainingData\IMG_20180603_131036_1.jpg,1
C:\Users\cleist\source\repos\LicensPlateRecognition\LicensPlateRecognition\LicensPlateRecognition\Image\TrainingData\IMG_20180603_131107_1.jpg,1
C:\Users\cleist\source\repos\LicensPlateRecognition\LicensPlateRecognition\LicensPlateRecognition\Image\TrainingData\IMG_20180603_131107_2.jpg,2
C:\Users\cleist\source\repos\LicensPlateRecognition\LicensPlateRecognition\LicensPlateRecognition\Image\TrainingData\IMG_20180603_131118_1.jpg,1
C:\Users\cleist\source\repos\LicensPlateRecognition\LicensPlateRecognition\LicensPlateRecognition\Image\TrainingData\IMG_20180603_131126_1.jpg,1
C:\Users\cleist\source\repos\LicensPlateRecognition\LicensPlateRecognition\LicensPlateRecognition\Image\TrainingData\IMG_20180603_131134_1.jpg,1
C:\Users\cleist\source\repos\LicensPlateRecognition\LicensPlateRecognition\LicensPlateRecognition\Image\TrainingData\IMG_20180603_131134_2.jpg,2
C:\Users\cleist\source\repos\LicensPlateRecognition\LicensPlateRecognition\LicensPlateRecognition\Image\TrainingData\IMG_20180603_131139_1.jpg,1
C:\Users\cleist\source\repos\LicensPlateRecognition\LicensPlateRecognition\LicensPlateRecognition\Image\TrainingData\IMG_20180603_131139_2.jpg,2
C:\Users\cleist\source\repos\LicensPlateRecognition\LicensPlateRecognition\LicensPlateRecognition\Image\TrainingData\IMG_20180603_131145_1.jpg,1
C:\Users\cleist\source\repos\LicensPlateRecognition\LicensPlateRecognition\LicensPlateRecognition\Image\TrainingData\IMG_20180603_131148_1.jpg,1
C:\Users\cleist\source\repos\LicensPlateRecognition\LicensPlateRecognition\LicensPlateRecognition\Image\TrainingData\IMG_20180603_131205_1.jpg,1
C:\Users\cleist\source\repos\LicensPlateRecognition\LicensPlateRecognition\LicensPlateRecognition\Image\TrainingData\IMG_20180603_131212_1.jpg,1
C:\Users\cleist\source\repos\LicensPlateRecognition\LicensPlateRecognition\LicensPlateRecognition\Image\TrainingData\IMG_20180603_131217_1.jpg,1
C:\Users\cleist\source\repos\LicensPlateRecognition\LicensPlateRecognition\LicensPlateRecognition\Image\TrainingData\IMG_20180603_131217_2.jpg,2
C:\Users\cleist\source\repos\LicensPlateRecognition\LicensPlateRecognition\LicensPlateRecognition\Image\TrainingData\IMG_20180603_131248_1.jpg,1
C:\Users\cleist\source\repos\LicensPlateRecognition\LicensPlateRecognition\LicensPlateRecognition\Image\TrainingData\IMG_20180603_131254_1.jpg,1
C:\Users\cleist\source\repos\LicensPlateRecognition\LicensPlateRecognition\LicensPlateRecognition\Image\TrainingData\IMG_20180603_131312_1.jpg,1
C:\Users\cleist\source\repos\LicensPlateRecognition\LicensPlateRecognition\LicensPlateRecognition\Image\TrainingData\IMG_20180603_131332_1.jpg,1
C:\Users\cleist\source\repos\LicensPlateRecognition\LicensPlateRecognition\LicensPlateRecognition\Image\TrainingData\IMG_20180603_131332_2.jpg,2
C:\Users\cleist\source\repos\LicensPlateRecognition\LicensPlateRecognition\LicensPlateRecognition\Image\TrainingData\IMG_20180603_131342_1.jpg,1
C:\Users\cleist\source\repos\LicensPlateRecognition\LicensPlateRecognition\LicensPlateRecognition\Image\TrainingData\IMG_20180603_131346_1.jpg,1
C:\Users\cleist\source\repos\LicensPlateRecognition\LicensPlateRecognition\LicensPlateRecognition\Image\TrainingData\IMG_20180603_131346_2.jpg,2
C:\Users\cleist\source\repos\LicensPlateRecognition\LicensPlateRecognition\LicensPlateRecognition\Image\TrainingData\IMG_20180603_131402_1.jpg,1
C:\Users\cleist\source\repos\LicensPlateRecognition\LicensPlateRecognition\LicensPlateRecognition\Image\TrainingData\IMG_20180603_131407_1.jpg,1
C:\Users\cleist\source\repos\LicensPlateRecognition\LicensPlateRecognition\LicensPlateRecognition\Image\TrainingData\IMG_20180603_131407_2.jpg,2
C:\Users\cleist\source\repos\LicensPlateRecognition\LicensPlateRecognition\LicensPlateRecognition\Image\TrainingData\IMG_20180603_131410_1.jpg,1
C:\Users\cleist\source\repos\LicensPlateRecognition\LicensPlateRecognition\LicensPlateRecognition\Image\TrainingData\IMG_20180603_131416_1.jpg,1
C:\Users\cleist\source\repos\LicensPlateRecognition\LicensPlateRecognition\LicensPlateRecognition\Image\TrainingData\IMG_20180603_131420_1.jpg,1
C:\Users\cleist\source\repos\LicensPlateRecognition\LicensPlateRecognition\LicensPlateRecognition\Image\TrainingData\IMG_20180603_131420_2.jpg,2
C:\Users\cleist\source\repos\LicensPlateRecognition\LicensPlateRecognition\LicensPlateRecognition\Image\TrainingData\IMG_20180603_131427_1.jpg,1
C:\Users\cleist\source\repos\LicensPlateRecognition\LicensPlateRecognition\LicensPlateRecognition\Image\TrainingData\IMG_20180603_131456_1.jpg,1
C:\Users\cleist\source\repos\LicensPlateRecognition\LicensPlateRecognition\LicensPlateRecognition\Image\TrainingData\IMG_20180603_131457_1.jpg,1
C:\Users\cleist\source\repos\LicensPlateRecognition\LicensPlateRecognition\LicensPlateRecognition\Image\TrainingData\IMG_20180603_131457_2.jpg,2
C:\Users\cleist\source\repos\LicensPlateRecognition\LicensPlateRecognition\LicensPlateRecognition\Image\TrainingData\IMG_20180603_131542_1.jpg,1
C:\Users\cleist\source\repos\LicensPlateRecognition\LicensPlateRecognition\LicensPlateRecognition\Image\TrainingData\IMG_20180603_131551_1.jpg,1
C:\Users\cleist\source\repos\LicensPlateRecognition\LicensPlateRecognition\LicensPlateRecognition\Image\TrainingData\IMG_20180603_131601_1.jpg,1
C:\Users\cleist\source\repos\LicensPlateRecognition\LicensPlateRecognition\LicensPlateRecognition\Image\TrainingData\IMG_20180603_131604_1.jpg,1
C:\Users\cleist\source\repos\LicensPlateRecognition\LicensPlateRecognition\LicensPlateRecognition\Image\TrainingData\IMG_20180603_131604_2.jpg,2
C:\Users\cleist\source\repos\LicensPlateRecognition\LicensPlateRecognition\LicensPlateRecognition\Image\TrainingData\IMG_20180603_131625_1.jpg,1
C:\Users\cleist\source\repos\LicensPlateRecognition\LicensPlateRecognition\LicensPlateRecognition\Image\TrainingData\IMG_20180603_131625_2.jpg,2
C:\Users\cleist\source\repos\LicensPlateRecognition\LicensPlateRecognition\LicensPlateRecognition\Image\TrainingData\IMG_20180603_131632_1.jpg,1
C:\Users\cleist\source\repos\LicensPlateRecognition\LicensPlateRecognition\LicensPlateRecognition\Image\TrainingData\IMG_20180603_131641_1.jpg,1
C:\Users\cleist\source\repos\LicensPlateRecognition\LicensPlateRecognition\LicensPlateRecognition\Image\TrainingData\IMG_20180603_131641_2.jpg,2
C:\Users\cleist\source\repos\LicensPlateRecognition\LicensPlateRecognition\LicensPlateRecognition\Image\TrainingData\IMG_20180603_131647_1.jpg,1
C:\Users\cleist\source\repos\LicensPlateRecognition\LicensPlateRecognition\LicensPlateRecognition\Image\TrainingData\IMG_20180603_131647_2.jpg,2
C:\Users\cleist\source\repos\LicensPlateRecognition\LicensPlateRecognition\LicensPlateRecognition\Image\TrainingData\IMG_20180603_131730_1.jpg,1
C:\Users\cleist\source\repos\LicensPlateRecognition\LicensPlateRecognition\LicensPlateRecognition\Image\TrainingData\IMG_20180603_131739_1.jpg,1
C:\Users\cleist\source\repos\LicensPlateRecognition\LicensPlateRecognition\LicensPlateRecognition\Image\TrainingData\IMG_20180603_131800_1.jpg,1
C:\Users\cleist\source\repos\LicensPlateRecognition\LicensPlateRecognition\LicensPlateRecognition\Image\TrainingData\IMG_20180603_131800_2.jpg,2
C:\Users\cleist\source\repos\LicensPlateRecognition\LicensPlateRecognition\LicensPlateRecognition\Image\TrainingData\IMG_20180603_131811_1.jpg,1
C:\Users\cleist\source\repos\LicensPlateRecognition\LicensPlateRecognition\LicensPlateRecognition\Image\TrainingData\IMG_20180603_131818_1.jpg,1
C:\Users\cleist\source\repos\LicensPlateRecognition\LicensPlateRecognition\LicensPlateRecognition\Image\TrainingData\IMG_20180603_131818_2.jpg,2
C:\Users\cleist\source\repos\LicensPlateRecognition\LicensPlateRecognition\LicensPlateRecognition\Image\TrainingData\IMG_20180603_131825_1.jpg,1
C:\Users\cleist\source\repos\LicensPlateRecognition\LicensPlateRecognition\LicensPlateRecognition\Image\TrainingData\IMG_20180603_131825_2.jpg,2
C:\Users\cleist\source\repos\LicensPlateRecognition\LicensPlateRecognition\LicensPlateRecognition\Image\TrainingData\IMG_20180603_131833_1.jpg,1
C:\Users\cleist\source\repos\LicensPlateRecognition\LicensPlateRecognition\LicensPlateRecognition\Image\TrainingData\IMG_20180603_131n604_2.jpg,2
C:\Users\cleist\source\repos\LicensPlateRecognition\LicensPlateRecognition\LicensPlateRecognition\Image\TrainingData\IMG_20180603_132010_1.jpg,1
C:\Users\cleist\source\repos\LicensPlateRecognition\LicensPlateRecognition\LicensPlateRecognition\Image\TrainingData\IMG_20180603_132018_1.jpg,1
C:\Users\cleist\source\repos\LicensPlateRecognition\LicensPlateRecognition\LicensPlateRecognition\Image\TrainingData\IMG_20180603_132030_1.jpg,1
C:\Users\cleist\source\repos\LicensPlateRecognition\LicensPlateRecognition\LicensPlateRecognition\Image\TrainingData\IMG_20180603_132036_1.jpg,1
C:\Users\cleist\source\repos\LicensPlateRecognition\LicensPlateRecognition\LicensPlateRecognition\Image\TrainingData\IMG_20180603_132041_1.jpg,1
C:\Users\cleist\source\repos\LicensPlateRecognition\LicensPlateRecognition\LicensPlateRecognition\Image\TrainingData\IMG_20180603_132041_2.jpg,2
C:\Users\cleist\source\repos\LicensPlateRecognition\LicensPlateRecognition\LicensPlateRecognition\Image\TrainingData\IMG_20180603_132056_1.jpg,1
C:\Users\cleist\source\repos\LicensPlateRecognition\LicensPlateRecognition\LicensPlateRecognition\Image\TrainingData\IMG_20180603_132102_1.jpg,1
C:\Users\cleist\source\repos\LicensPlateRecognition\LicensPlateRecognition\LicensPlateRecognition\Image\TrainingData\IMG_20180603_132104_1.jpg,1
C:\Users\cleist\source\repos\LicensPlateRecognition\LicensPlateRecognition\LicensPlateRecognition\Image\TrainingData\IMG_20180603_132104_2.jpg,2
C:\Users\cleist\source\repos\LicensPlateRecognition\LicensPlateRecognition\LicensPlateRecognition\Image\TrainingData\IMG_20180603_132108_1.jpg,1
C:\Users\cleist\source\repos\LicensPlateRecognition\LicensPlateRecognition\LicensPlateRecognition\Image\TrainingData\IMG_20180603_132114_1.jpg,1
C:\Users\cleist\source\repos\LicensPlateRecognition\LicensPlateRecognition\LicensPlateRecognition\Image\TrainingData\IMG_20180603_132117_2.jpg,2
C:\Users\cleist\source\repos\LicensPlateRecognition\LicensPlateRecognition\LicensPlateRecognition\Image\TrainingData\IMG_20180603_132122_1.jpg,1
C:\Users\cleist\source\repos\LicensPlateRecognition\LicensPlateRecognition\LicensPlateRecognition\Image\TrainingData\IMG_20180603_132128_1.jpg,1
C:\Users\cleist\source\repos\LicensPlateRecognition\LicensPlateRecognition\LicensPlateRecognition\Image\TrainingData\IMG_20180603_132137_1.jpg,1
C:\Users\cleist\source\repos\LicensPlateRecognition\LicensPlateRecognition\LicensPlateRecognition\Image\TrainingData\IMG_20180603_132139_1.jpg,1
C:\Users\cleist\source\repos\LicensPlateRecognition\LicensPlateRecognition\LicensPlateRecognition\Image\TrainingData\IMG_20180603_132156_1.jpg,1
C:\Users\cleist\source\repos\LicensPlateRecognition\LicensPlateRecognition\LicensPlateRecognition\Image\TrainingData\IMG_20180603_132203_1.jpg,1
C:\Users\cleist\source\repos\LicensPlateRecognition\LicensPlateRecognition\LicensPlateRecognition\Image\TrainingData\IMG_20180603_132207_1.jpg,1
C:\Users\cleist\source\repos\LicensPlateRecognition\LicensPlateRecognition\LicensPlateRecognition\Image\TrainingData\IMG_20180603_132237_1.jpg,1
C:\Users\cleist\source\repos\LicensPlateRecognition\LicensPlateRecognition\LicensPlateRecognition\Image\TrainingData\IMG_20180603_132b117_2.jpg,2
C:\Users\cleist\source\repos\LicensPlateRecognition\LicensPlateRecognition\LicensPlateRecognition\Image\TrainingData\IMG_20180603_b130843_2.jpg,2
C:\Users\cleist\source\repos\LicensPlateRecognition\LicensPlateRecognition\LicensPlateRecognition\Image\TrainingData\IMG_20180607_103744_1.jpg,1
C:\Users\cleist\source\repos\LicensPlateRecognition\LicensPlateRecognition\LicensPlateRecognition\Image\TrainingData\IMG_20180607_103744_2.jpg,2
C:\Users\cleist\source\repos\LicensPlateRecognition\LicensPlateRecognition\LicensPlateRecognition\Image\TrainingData\IMG_20180607_103749_1.jpg,1
C:\Users\cleist\source\repos\LicensPlateRecognition\LicensPlateRecognition\LicensPlateRecognition\Image\TrainingData\IMG_20180607_103759_1.jpg,1
C:\Users\cleist\source\repos\LicensPlateRecognition\LicensPlateRecognition\LicensPlateRecognition\Image\TrainingData\IMG_20180607_103803_1.jpg,1
C:\Users\cleist\source\repos\LicensPlateRecognition\LicensPlateRecognition\LicensPlateRecognition\Image\TrainingData\IMG_20180607_103819_1.jpg,1
C:\Users\cleist\source\repos\LicensPlateRecognition\LicensPlateRecognition\LicensPlateRecognition\Image\TrainingData\IMG_20180607_103828_1.jpg,1
C:\Users\cleist\source\repos\LicensPlateRecognition\LicensPlateRecognition\LicensPlateRecognition\Image\TrainingData\IMG_20180607_103857_1.jpg,1
C:\Users\cleist\source\repos\LicensPlateRecognition\LicensPlateRecognition\LicensPlateRecognition\Image\TrainingData\IMG_20180607_103857_2.jpg,2
C:\Users\cleist\source\repos\LicensPlateRecognition\LicensPlateRecognition\LicensPlateRecognition\Image\TrainingData\IMG_20180607_103903_1.jpg,1
C:\Users\cleist\source\repos\LicensPlateRecognition\LicensPlateRecognition\LicensPlateRecognition\Image\TrainingData\IMG_20180607_103923_1.jpg,1
C:\Users\cleist\source\repos\LicensPlateRecognition\LicensPlateRecognition\LicensPlateRecognition\Image\TrainingData\IMG_20180607_103936_1.jpg,1
C:\Users\cleist\source\repos\LicensPlateRecognition\LicensPlateRecognition\LicensPlateRecognition\Image\TrainingData\IMG_20180607_103946_1.jpg,1
C:\Users\cleist\source\repos\LicensPlateRecognition\LicensPlateRecognition\LicensPlateRecognition\Image\TrainingData\IMG_20180607_103958_1.jpg,1
C:\Users\cleist\source\repos\LicensPlateRecognition\LicensPlateRecognition\LicensPlateRecognition\Image\TrainingData\IMG_20180607_104055_1.jpg,1
C:\Users\cleist\source\repos\LicensPlateRecognition\LicensPlateRecognition\LicensPlateRecognition\Image\TrainingData\IMG_20180607_104055_2.jpg,2
C:\Users\cleist\source\repos\LicensPlateRecognition\LicensPlateRecognition\LicensPlateRecognition\Image\TrainingData\IMG_20180607_104229_1.jpg,1
C:\Users\cleist\source\repos\LicensPlateRecognition\LicensPlateRecognition\LicensPlateRecognition\Image\TrainingData\IMG_20180607_104238_1.jpg,1
C:\Users\cleist\source\repos\LicensPlateRecognition\LicensPlateRecognition\LicensPlateRecognition\Image\TrainingData\IMG_20180607_104238_2.jpg,2
C:\Users\cleist\source\repos\LicensPlateRecognition\LicensPlateRecognition\LicensPlateRecognition\Image\TrainingData\IMG_20180607_104256_1.jpg,1
C:\Users\cleist\source\repos\LicensPlateRecognition\LicensPlateRecognition\LicensPlateRecognition\Image\TrainingData\IMG_20180607_104346_1.jpg,1
C:\Users\cleist\source\repos\LicensPlateRecognition\LicensPlateRecognition\LicensPlateRecognition\Image\TrainingData\IMG_20180607_104346_2.jpg,2
C:\Users\cleist\source\repos\LicensPlateRecognition\LicensPlateRecognition\LicensPlateRecognition\Image\TrainingData\IMG_20180607_104401_1.jpg,1
C:\Users\cleist\source\repos\LicensPlateRecognition\LicensPlateRecognition\LicensPlateRecognition\Image\TrainingData\IMG_20180607_104413_1.jpg,1
C:\Users\cleist\source\repos\LicensPlateRecognition\LicensPlateRecognition\LicensPlateRecognition\Image\TrainingData\IMG_20180607_104423_1.jpg,1
C:\Users\cleist\source\repos\LicensPlateRecognition\LicensPlateRecognition\LicensPlateRecognition\Image\TrainingData\IMG_20180607_104427_1.jpg,1
C:\Users\cleist\source\repos\LicensPlateRecognition\LicensPlateRecognition\LicensPlateRecognition\Image\TrainingData\IMG_20180607_104432_1.jpg,1
C:\Users\cleist\source\repos\LicensPlateRecognition\LicensPlateRecognition\LicensPlateRecognition\Image\TrainingData\IMG_20180607_104437_1.jpg,1
C:\Users\cleist\source\repos\LicensPlateRecognition\LicensPlateRecognition\LicensPlateRecognition\Image\TrainingData\IMG_20180607_104445_1.jpg,1
C:\Users\cleist\source\repos\LicensPlateRecognition\LicensPlateRecognition\LicensPlateRecognition\Image\TrainingData\IMG_20180607_104445_2.jpg,2
C:\Users\cleist\source\repos\LicensPlateRecognition\LicensPlateRecognition\LicensPlateRecognition\Image\TrainingData\IMG_20180607_104450_1.jpg,1
C:\Users\cleist\source\repos\LicensPlateRecognition\LicensPlateRecognition\LicensPlateRecognition\Image\TrainingData\IMG_20180607_104516_1.jpg,1
C:\Users\cleist\source\repos\LicensPlateRecognition\LicensPlateRecognition\LicensPlateRecognition\Image\TrainingData\IMG_20180607_104516_2.jpg,2
C:\Users\cleist\source\repos\LicensPlateRecognition\LicensPlateRecognition\LicensPlateRecognition\Image\TrainingData\IMG_20180607_104522_1.jpg,1
C:\Users\cleist\source\repos\LicensPlateRecognition\LicensPlateRecognition\LicensPlateRecognition\Image\TrainingData\IMG_20180607_104528_1.jpg,1
C:\Users\cleist\source\repos\LicensPlateRecognition\LicensPlateRecognition\LicensPlateRecognition\Image\TrainingData\IMG_20180607_104537_1.jpg,1
C:\Users\cleist\source\repos\LicensPlateRecognition\LicensPlateRecognition\LicensPlateRecognition\Image\TrainingData\IMG_20180607_104544_1.jpg,1
C:\Users\cleist\source\repos\LicensPlateRecognition\LicensPlateRecognition\LicensPlateRecognition\Image\TrainingData\IMG_20180607_104552_1.jpg,1
C:\Users\cleist\source\repos\LicensPlateRecognition\LicensPlateRecognition\LicensPlateRecognition\Image\TrainingData\IMG_20180607_104602_1.jpg,1
C:\Users\cleist\source\repos\LicensPlateRecognition\LicensPlateRecognition\LicensPlateRecognition\Image\TrainingData\IMG_20180607_104613_1.jpg,1
C:\Users\cleist\source\repos\LicensPlateRecognition\LicensPlateRecognition\LicensPlateRecognition\Image\TrainingData\IMG_20180607_104618_1.jpg,1
C:\Users\cleist\source\repos\LicensPlateRecognition\LicensPlateRecognition\LicensPlateRecognition\Image\TrainingData\IMG_20180607_104623_1.jpg,1
C:\Users\cleist\source\repos\LicensPlateRecognition\LicensPlateRecognition\LicensPlateRecognition\Image\TrainingData\IMG_20180607_104623_2.jpg,2
C:\Users\cleist\source\repos\LicensPlateRecognition\LicensPlateRecognition\LicensPlateRecognition\Image\TrainingData\IMG_20180607_104630_1.jpg,1
C:\Users\cleist\source\repos\LicensPlateRecognition\LicensPlateRecognition\LicensPlateRecognition\Image\TrainingData\IMG_20180607_104647_1.jpg,1
C:\Users\cleist\source\repos\LicensPlateRecognition\LicensPlateRecognition\LicensPlateRecognition\Image\TrainingData\IMG_20180607_104647_2.jpg,2
C:\Users\cleist\source\repos\LicensPlateRecognition\LicensPlateRecognition\LicensPlateRecognition\Image\TrainingData\IMG_20180607_104707_1.jpg,1
C:\Users\cleist\source\repos\LicensPlateRecognition\LicensPlateRecognition\LicensPlateRecognition\Image\TrainingData\IMG_20180607_104714_1.jpg,1
C:\Users\cleist\source\repos\LicensPlateRecognition\LicensPlateRecognition\LicensPlateRecognition\Image\TrainingData\IMG_20180607_104721_1.jpg,1
C:\Users\cleist\source\repos\LicensPlateRecognition\LicensPlateRecognition\LicensPlateRecognition\Image\TrainingData\IMG_20180607_104728_1.jpg,1
C:\Users\cleist\source\repos\LicensPlateRecognition\LicensPlateRecognition\LicensPlateRecognition\Image\TrainingData\IMG_20180607_104734_1.jpg,1
C:\Users\cleist\source\repos\LicensPlateRecognition\LicensPlateRecognition\LicensPlateRecognition\Image\TrainingData\IMG_20180607_104743_1.jpg,1
C:\Users\cleist\source\repos\LicensPlateRecognition\LicensPlateRecognition\LicensPlateRecognition\Image\TrainingData\IMG_20180607_104756_1.jpg,1
C:\Users\cleist\source\repos\LicensPlateRecognition\LicensPlateRecognition\LicensPlateRecognition\Image\TrainingData\IMG_20180607_104801_1.jpg,1
C:\Users\cleist\source\repos\LicensPlateRecognition\LicensPlateRecognition\LicensPlateRecognition\Image\TrainingData\IMG_20180607_104808_1.jpg,1
C:\Users\cleist\source\repos\LicensPlateRecognition\LicensPlateRecognition\LicensPlateRecognition\Image\TrainingData\IMG_20180607_104818_1.jpg,1
C:\Users\cleist\source\repos\LicensPlateRecognition\LicensPlateRecognition\LicensPlateRecognition\Image\TrainingData\IMG_20180607_104828_1.jpg,1
C:\Users\cleist\source\repos\LicensPlateRecognition\LicensPlateRecognition\LicensPlateRecognition\Image\TrainingData\IMG_20180607_104835_1.jpg,1
C:\Users\cleist\source\repos\LicensPlateRecognition\LicensPlateRecognition\LicensPlateRecognition\Image\TrainingData\IMG_20180607_104844_1.jpg,1
C:\Users\cleist\source\repos\LicensPlateRecognition\LicensPlateRecognition\LicensPlateRecognition\Image\TrainingData\IMG_20180607_104856_1.jpg,1
C:\Users\cleist\source\repos\LicensPlateRecognition\LicensPlateRecognition\LicensPlateRecognition\Image\TrainingData\IMG_20180607_104906_1.jpg,1
C:\Users\cleist\source\repos\LicensPlateRecognition\LicensPlateRecognition\LicensPlateRecognition\Image\TrainingData\IMG_20180607_104906_2.jpg,2
C:\Users\cleist\source\repos\LicensPlateRecognition\LicensPlateRecognition\LicensPlateRecognition\Image\TrainingData\IMG_20180607_104926_1.jpg,1
C:\Users\cleist\source\repos\LicensPlateRecognition\LicensPlateRecognition\LicensPlateRecognition\Image\TrainingData\IMG_20180607_104939_1.jpg,1
C:\Users\cleist\source\repos\LicensPlateRecognition\LicensPlateRecognition\LicensPlateRecognition\Image\TrainingData\IMG_20180607_104949_1.jpg,1
C:\Users\cleist\source\repos\LicensPlateRecognition\LicensPlateRecognition\LicensPlateRecognition\Image\TrainingData\IMG_20180607_104955_1.jpg,1
C:\Users\cleist\source\repos\LicensPlateRecognition\LicensPlateRecognition\LicensPlateRecognition\Image\TrainingData\IMG_20180607_105001_1.jpg,1
C:\Users\cleist\source\repos\LicensPlateRecognition\LicensPlateRecognition\LicensPlateRecognition\Image\TrainingData\IMG_20180607_105007_1.jpg,1
C:\Users\cleist\source\repos\LicensPlateRecognition\LicensPlateRecognition\LicensPlateRecognition\Image\TrainingData\IMG_20180607_105013_1.jpg,1
C:\Users\cleist\source\repos\LicensPlateRecognition\LicensPlateRecognition\LicensPlateRecognition\Image\TrainingData\IMG_20180607_105022_1.jpg,1
C:\Users\cleist\source\repos\LicensPlateRecognition\LicensPlateRecognition\LicensPlateRecognition\Image\TrainingData\IMG_20180607_105031_1.jpg,1
C:\Users\cleist\source\repos\LicensPlateRecognition\LicensPlateRecognition\LicensPlateRecognition\Image\TrainingData\IMG_20180607_105037_1.jpg,1
C:\Users\cleist\source\repos\LicensPlateRecognition\LicensPlateRecognition\LicensPlateRecognition\Image\TrainingData\IMG_20180607_105044_1.jpg,1
C:\Users\cleist\source\repos\LicensPlateRecognition\LicensPlateRecognition\LicensPlateRecognition\Image\TrainingData\IMG_20180607_105050_1.jpg,1
C:\Users\cleist\source\repos\LicensPlateRecognition\LicensPlateRecognition\LicensPlateRecognition\Image\TrainingData\IMG_20180607_105058_1.jpg,1
C:\Users\cleist\source\repos\LicensPlateRecognition\LicensPlateRecognition\LicensPlateRecognition\Image\TrainingData\IMG_20180607_105058_2.jpg,2
C:\Users\cleist\source\repos\LicensPlateRecognition\LicensPlateRecognition\LicensPlateRecognition\Image\TrainingData\IMG_20180607_105105_1.jpg,1
C:\Users\cleist\source\repos\LicensPlateRecognition\LicensPlateRecognition\LicensPlateRecognition\Image\TrainingData\IMG_20180607_105116_1.jpg,1
C:\Users\cleist\source\repos\LicensPlateRecognition\LicensPlateRecognition\LicensPlateRecognition\Image\TrainingData\IMG_20180607_105116_2.jpg,2
C:\Users\cleist\source\repos\LicensPlateRecognition\LicensPlateRecognition\LicensPlateRecognition\Image\TrainingData\IMG_20180607_105132_1.jpg,1
C:\Users\cleist\source\repos\LicensPlateRecognition\LicensPlateRecognition\LicensPlateRecognition\Image\TrainingData\IMG_20180607_105144_1.jpg,1
C:\Users\cleist\source\repos\LicensPlateRecognition\LicensPlateRecognition\LicensPlateRecognition\Image\TrainingData\IMG_20180607_105149_1.jpg,1
C:\Users\cleist\source\repos\LicensPlateRecognition\LicensPlateRecognition\LicensPlateRecognition\Image\TrainingData\IMG_20180607_105155_1.jpg,1
C:\Users\cleist\source\repos\LicensPlateRecognition\LicensPlateRecognition\LicensPlateRecognition\Image\TrainingData\IMG_20180607_105203_1.jpg,1
C:\Users\cleist\source\repos\LicensPlateRecognition\LicensPlateRecognition\LicensPlateRecognition\Image\TrainingData\IMG_20180607_105220_1.jpg,1
C:\Users\cleist\source\repos\LicensPlateRecognition\LicensPlateRecognition\LicensPlateRecognition\Image\TrainingData\IMG_20180607_105220_2.jpg,2
C:\Users\cleist\source\repos\LicensPlateRecognition\LicensPlateRecognition\LicensPlateRecognition\Image\TrainingData\IMG_20180607_105237_1.jpg,1
C:\Users\cleist\source\repos\LicensPlateRecognition\LicensPlateRecognition\LicensPlateRecognition\Image\TrainingData\IMG_20180607_105237_2.jpg,2
C:\Users\cleist\source\repos\LicensPlateRecognition\LicensPlateRecognition\LicensPlateRecognition\Image\TrainingData\IMG_20180607_105248_1.jpg,1
C:\Users\cleist\source\repos\LicensPlateRecognition\LicensPlateRecognition\LicensPlateRecognition\Image\TrainingData\IMG_20180607_105253_1.jpg,1
C:\Users\cleist\source\repos\LicensPlateRecognition\LicensPlateRecognition\LicensPlateRecognition\Image\TrainingData\IMG_20180607_105306_1.jpg,1
C:\Users\cleist\source\repos\LicensPlateRecognition\LicensPlateRecognition\LicensPlateRecognition\Image\TrainingData\IMG_20180607_105318_1.jpg,1
C:\Users\cleist\source\repos\LicensPlateRecognition\LicensPlateRecognition\LicensPlateRecognition\Image\TrainingData\IMG_20180607_105321_1.jpg,1
C:\Users\cleist\source\repos\LicensPlateRecognition\LicensPlateRecognition\LicensPlateRecognition\Image\TrainingData\IMG_20180607_105325_1.jpg,1
C:\Users\cleist\source\repos\LicensPlateRecognition\LicensPlateRecognition\LicensPlateRecognition\Image\TrainingData\IMG_20180607_105325_2.jpg,2
C:\Users\cleist\source\repos\LicensPlateRecognition\LicensPlateRecognition\LicensPlateRecognition\Image\TrainingData\IMG_20180607_105337_1.jpg,1
C:\Users\cleist\source\repos\LicensPlateRecognition\LicensPlateRecognition\LicensPlateRecognition\Image\TrainingData\IMG_20180607_105342_1.jpg,1
C:\Users\cleist\source\repos\LicensPlateRecognition\LicensPlateRecognition\LicensPlateRecognition\Image\TrainingData\IMG_20180607_105347_1.jpg,1
C:\Users\cleist\source\repos\LicensPlateRecognition\LicensPlateRecognition\LicensPlateRecognition\Image\TrainingData\IMG_20180607_105356_1.jpg,1
C:\Users\cleist\source\repos\LicensPlateRecognition\LicensPlateRecognition\LicensPlateRecognition\Image\TrainingData\IMG_20180607_105403_1.jpg,1
C:\Users\cleist\source\repos\LicensPlateRecognition\LicensPlateRecognition\LicensPlateRecognition\Image\TrainingData\IMG_20180607_105406_1.jpg,1
C:\Users\cleist\source\repos\LicensPlateRecognition\LicensPlateRecognition\LicensPlateRecognition\Image\TrainingData\IMG_20180607_105408_1.jpg,1
C:\Users\cleist\source\repos\LicensPlateRecognition\LicensPlateRecognition\LicensPlateRecognition\Image\TrainingData\IMG_20180607_105411_1.jpg,1
C:\Users\cleist\source\repos\LicensPlateRecognition\LicensPlateRecognition\LicensPlateRecognition\Image\TrainingData\IMG_20180607_105419_1.jpg,1
C:\Users\cleist\source\repos\LicensPlateRecognition\LicensPlateRecognition\LicensPlateRecognition\Image\TrainingData\IMG_20180607_105424_1.jpg,1
C:\Users\cleist\source\repos\LicensPlateRecognition\LicensPlateRecognition\LicensPlateRecognition\Image\TrainingData\IMG_20180607_105436_1.jpg,1
C:\Users\cleist\source\repos\LicensPlateRecognition\LicensPlateRecognition\LicensPlateRecognition\Image\TrainingData\IMG_20180607_105439_1.jpg,1
C:\Users\cleist\source\repos\LicensPlateRecognition\LicensPlateRecognition\LicensPlateRecognition\Image\TrainingData\IMG_20180607_105448_1.jpg,1
C:\Users\cleist\source\repos\LicensPlateRecognition\LicensPlateRecognition\LicensPlateRecognition\Image\TrainingData\IMG_20180607_105451_1.jpg,1
C:\Users\cleist\source\repos\LicensPlateRecognition\LicensPlateRecognition\LicensPlateRecognition\Image\TrainingData\IMG_20180607_105453_1.jpg,1
C:\Users\cleist\source\repos\LicensPlateRecognition\LicensPlateRecognition\LicensPlateRecognition\Image\TrainingData\IMG_20180607_105456_1.jpg,1
C:\Users\cleist\source\repos\LicensPlateRecognition\LicensPlateRecognition\LicensPlateRecognition\Image\TrainingData\IMG_20180607_105510_1.jpg,1
C:\Users\cleist\source\repos\LicensPlateRecognition\LicensPlateRecognition\LicensPlateRecognition\Image\TrainingData\IMG_20180607_105513_1.jpg,1
C:\Users\cleist\source\repos\LicensPlateRecognition\LicensPlateRecognition\LicensPlateRecognition\Image\TrainingData\IMG_20180607_105517_1.jpg,1
C:\Users\cleist\source\repos\LicensPlateRecognition\LicensPlateRecognition\LicensPlateRecognition\Image\TrainingData\IMG_20180607_105v031_1.jpg,1
C:\Users\cleist\source\repos\LicensPlateRecognition\LicensPlateRecognition\LicensPlateRecognition\Image\TrainingData\IMG_20180607_162745_1.jpg,1
C:\Users\cleist\source\repos\LicensPlateRecognition\LicensPlateRecognition\LicensPlateRecognition\Image\TrainingData\IMG_20180607_162753_1.jpg,1
C:\Users\cleist\source\repos\LicensPlateRecognition\LicensPlateRecognition\LicensPlateRecognition\Image\TrainingData\IMG_20180607_162803_1.jpg,1
C:\Users\cleist\source\repos\LicensPlateRecognition\LicensPlateRecognition\LicensPlateRecognition\Image\TrainingData\IMG_20180607_162811_1.jpg,1
C:\Users\cleist\source\repos\LicensPlateRecognition\LicensPlateRecognition\LicensPlateRecognition\Image\TrainingData\IMG_20180607_162814_1.jpg,1
C:\Users\cleist\source\repos\LicensPlateRecognition\LicensPlateRecognition\LicensPlateRecognition\Image\TrainingData\IMG_20180607_162827_1.jpg,1
C:\Users\cleist\source\repos\LicensPlateRecognition\LicensPlateRecognition\LicensPlateRecognition\Image\TrainingData\IMG_20180607_162835_1.jpg,1
C:\Users\cleist\source\repos\LicensPlateRecognition\LicensPlateRecognition\LicensPlateRecognition\Image\TrainingData\IMG_20180607_162839_1.jpg,1
C:\Users\cleist\source\repos\LicensPlateRecognition\LicensPlateRecognition\LicensPlateRecognition\Image\TrainingData\IMG_20180607_162853_1.jpg,1
C:\Users\cleist\source\repos\LicensPlateRecognition\LicensPlateRecognition\LicensPlateRecognition\Image\TrainingData\IMG_20180607_162857_1.jpg,1
C:\Users\cleist\source\repos\LicensPlateRecognition\LicensPlateRecognition\LicensPlateRecognition\Image\TrainingData\IMG_20180607_162859_1.jpg,1
C:\Users\cleist\source\repos\LicensPlateRecognition\LicensPlateRecognition\LicensPlateRecognition\Image\TrainingData\IMG_20180607_162904_1.jpg,1
C:\Users\cleist\source\repos\LicensPlateRecognition\LicensPlateRecognition\LicensPlateRecognition\Image\TrainingData\IMG_20180607_162914_1.jpg,1
C:\Users\cleist\source\repos\LicensPlateRecognition\LicensPlateRecognition\LicensPlateRecognition\Image\TrainingData\IMG_20180607_162916_1.jpg,1
C:\Users\cleist\source\repos\LicensPlateRecognition\LicensPlateRecognition\LicensPlateRecognition\Image\TrainingData\IMG_20180607_162938_1.jpg,1
C:\Users\cleist\source\repos\LicensPlateRecognition\LicensPlateRecognition\LicensPlateRecognition\Image\TrainingData\IMG_20180607_162942_1.jpg,1
C:\Users\cleist\source\repos\LicensPlateRecognition\LicensPlateRecognition\LicensPlateRecognition\Image\TrainingData\IMG_20180607_162947_1.jpg,1
C:\Users\cleist\source\repos\LicensPlateRecognition\LicensPlateRecognition\LicensPlateRecognition\Image\TrainingData\IMG_20180607_163000_1.jpg,1
C:\Users\cleist\source\repos\LicensPlateRecognition\LicensPlateRecognition\LicensPlateRecognition\Image\TrainingData\Lenna_2.jpg,2
C:\Users\cleist\source\repos\LicensPlateRecognition\LicensPlateRecognition\LicensPlateRecognition\Image\TrainingData\Leuchtkennziechen_1.jpg,1
C:\Users\cleist\source\repos\LicensPlateRecognition\LicensPlateRecognition\LicensPlateRecognition\Image\TrainingData\Leuchtkennziechen_2.jpg,2
C:\Users\cleist\source\repos\LicensPlateRecognition\LicensPlateRecognition\LicensPlateRecognition\Image\TrainingData\medium-12767_2.jpg,2
C:\Users\cleist\source\repos\LicensPlateRecognition\LicensPlateRecognition\LicensPlateRecognition\Image\TrainingData\MI_1.JPG,1
C:\Users\cleist\source\repos\LicensPlateRecognition\LicensPlateRecognition\LicensPlateRecognition\Image\TrainingData\Neue_1.jpg,1
C:\Users\cleist\source\repos\LicensPlateRecognition\LicensPlateRecognition\LicensPlateRecognition\Image\TrainingData\nrsld_1.jpg,1
C:\Users\cleist\source\repos\LicensPlateRecognition\LicensPlateRecognition\LicensPlateRecognition\Image\TrainingData\nrsld_2.jpg,2
C:\Users\cleist\source\repos\LicensPlateRecognition\LicensPlateRecognition\LicensPlateRecognition\Image\TrainingData\offenbach_1.jpg,1
C:\Users\cleist\source\repos\LicensPlateRecognition\LicensPlateRecognition\LicensPlateRecognition\Image\TrainingData\oldtimer_1.jpg,1
C:\Users\cleist\source\repos\LicensPlateRecognition\LicensPlateRecognition\LicensPlateRecognition\Image\TrainingData\pl_1.jpg,1
C:\Users\cleist\source\repos\LicensPlateRecognition\LicensPlateRecognition\LicensPlateRecognition\Image\TrainingData\Porsche_1.jpg,1
C:\Users\cleist\source\repos\LicensPlateRecognition\LicensPlateRecognition\LicensPlateRecognition\Image\TrainingData\Porsche_2.jpg,2
C:\Users\cleist\source\repos\LicensPlateRecognition\LicensPlateRecognition\LicensPlateRecognition\Image\TrainingData\Saisonkennzeichen_1.jpg,1
C:\Users\cleist\source\repos\LicensPlateRecognition\LicensPlateRecognition\LicensPlateRecognition\Image\TrainingData\Saisonkennzeichen_2.jpg,2
C:\Users\cleist\source\repos\LicensPlateRecognition\LicensPlateRecognition\LicensPlateRecognition\Image\TrainingData\Saison_1.jpg,1
C:\Users\cleist\source\repos\LicensPlateRecognition\LicensPlateRecognition\LicensPlateRecognition\Image\TrainingData\Saison_2.jpg,2
C:\Users\cleist\source\repos\LicensPlateRecognition\LicensPlateRecognition\LicensPlateRecognition\Image\TrainingData\selbst_1.jpg,1
C:\Users\cleist\source\repos\LicensPlateRecognition\LicensPlateRecognition\LicensPlateRecognition\Image\TrainingData\SLN_1.jpg,1
C:\Users\cleist\source\repos\LicensPlateRecognition\LicensPlateRecognition\LicensPlateRecognition\Image\TrainingData\SLN_2.jpg,2
C:\Users\cleist\source\repos\LicensPlateRecognition\LicensPlateRecognition\LicensPlateRecognition\Image\TrainingData\tessin_1.jpg,1
C:\Users\cleist\source\repos\LicensPlateRecognition\LicensPlateRecognition\LicensPlateRecognition\Image\TrainingData\w201_1.jpg,1
C:\Users\cleist\source\repos\LicensPlateRecognition\LicensPlateRecognition\LicensPlateRecognition\Image\TrainingData\w201_2.jpg,2
C:\Users\cleist\source\repos\LicensPlateRecognition\LicensPlateRecognition\LicensPlateRecognition\Image\TrainingData\wefa_2.jpg,2
